{
  "Flights_detail": [
    {
      "id": 1,
      "flight_id": "I101",
      "name": "INDIGO",
      "route": "TN-BLR",
      "departure": "07:00",
      "arrival": "07:30",
      "price": 1500,
      "ancillary": {
        "excess_bag": false,
        "parking": false
      },
      "food": {
        "non_veg": false,
        "veg": false,
        "idli": false,
        "dosa": false
      },
      "shoppingItems": [
        {
          "item": "power bank",
          "quantity": 1,
          "price": 100
        },
        {
          "item": "charger",
          "quantity": 1,
          "price": 500
        },
        {
          "item": "mobile",
          "quantity": 1,
          "price": 10000
        }
      ]
    },
    {
      "id": 2,
      "flight_id": "A101",
      "name": "AIR-ASIA",
      "route": "BLR-DL",
      "departure": "07:00",
      "arrival": "09:30",
      "price": 7500,
      "ancillary": {
        "extra_seat": false,
        "sleeper": false,
        "parking": false
      },
      "food": {
        "veg": false,
        "non_veg": false
      },
      "shoppingItems": [
        {
          "item": "speaker",
          "quantity": "1",
          "price": 1500
        },
        {
          "item": "power bank",
          "quantity": 1,
          "price": 100
        },
        {
          "item": "shoe",
          "quantity": 1,
          "price": 500
        }
      ]
    },
    {
      "id": 3,
      "flight_id": "S101",
      "name": "SPICEJET",
      "route": "TN-DL",
      "departure": "07:00",
      "arrival": "07:30",
      "price": 5500,
      "ancillary": {
        "excess_bag": false,
        "parking": false,
        "extra_seat": false
      },
      "food": {
        "non_veg": false,
        "veg": false
      },
      "shoppingItems": [
        {
          "item": "book_xyz",
          "price": 200,
          "quantity": 2
        },
        {
          "item": "audio_device",
          "quantity": 1,
          "price": 1000
        }
      ]
    }
  ],
  "Passangers_detail": [
    {
      "name": "Kalai",
      "birth_date": "06-07-1993",
      "passport_detail": {
        "passport_number": "324345544564556",
        "pan_card": "GDFFG4353",
        "expire_date": "12/25"
      },
      "address": {
        "door_no": "138",
        "street": "southstreet",
        "state": "Tamilnadu",
        "country": "India"
      },
      "seat_number": "1B",
      "checked_in": true,
      "ancillary": {
        "excess_bag": true,
        "parking": true
      },
      "shopping_items": [
        {
          "item": "power bank",
          "quantity": 1,
          "price": 100
        },
        {
          "item": "charger",
          "quantity": 1,
          "price": 500
        }
      ],
      "flight_id": "I101",
      "food": {
        "non_veg": false,
        "veg": true,
        "idli": false,
        "dosa": false,
        "chicken": false
      },
      "infant": false,
      "wheel_chair": false,
      "id": 1
    },
    {
      "name": "Selva",
      "birth_date": "",
      "passport_detail": {
        "passport_number": "",
        "pan_card": "",
        "expire_date": ""
      },
      "address": {
        "door_no": "138",
        "street": "southstreet",
        "state": "Tamilnadu",
        "country": "India"
      },
      "seat_number": "1C",
      "checked_in": true,
      "ancillary": {
        "excess_bag": false,
        "parking": true
      },
      "shopping_items": [
        {
          "item": "power bank",
          "quantity": 2,
          "price": 200
        }
      ],
      "flight_id": "I101",
      "food": {
        "non_veg": true,
        "veg": false,
        "idli": false,
        "dosa": false,
        "chicken": false
      },
      "infant": false,
      "wheel_chair": true,
      "id": 2
    },
    {
      "name": "Maha",
      "birth_date": "06-07-1994",
      "passport_detail": {
        "passport_number": "654656546777",
        "pan_card": "DDFD35345",
        "expire_date": "12/2030"
      },
      "address": {
        "door_no": "135",
        "street": "south street",
        "state": "Tamilnadu",
        "country": "India"
      },
      "seat_number": "",
      "checked_in": false,
      "ancillary": {
        "excess_bag": true,
        "parking": true
      },
      "shopping_items": [],
      "flight_id": "I101",
      "food": {
        "non_veg": false,
        "veg": true,
        "idli": false,
        "dosa": false,
        "chicken": false
      },
      "infant": true,
      "wheel_chair": false,
      "id": 3
    },
    {
      "name": "Kannan",
      "birth_date": "10-09-1990",
      "passport_detail": {
        "passport_number": "655474676765",
        "pan_card": "SSDD534",
        "expire_date": "12/2029"
      },
      "address": {
        "door_no": "222",
        "street": "west street",
        "state": "Tamilnadu",
        "country": "India"
      },
      "seat_number": "",
      "checked_in": false,
      "ancillary": {
        "extra_seat": true,
        "sleeper": false,
        "parking": false
      },
      "shopping_items": [],
      "flight_id": "A101",
      "food": {
        "veg": false,
        "non_veg": true
      },
      "infant": true,
      "wheel_chair": false,
      "id": 4
    },
    {
      "name": "Kamal",
      "birth_date": "12-12-1992",
      "passport_detail": {
        "passport_number": "",
        "pan_card": "",
        "expire_date": ""
      },
      "address": {
        "door_no": "4643",
        "street": "west street",
        "state": "Tamilnadu",
        "country": "India"
      },
      "seat_number": "",
      "checked_in": false,
      "ancillary": {
        "extra_seat": false,
        "sleeper": false,
        "parking": false
      },
      "shopping_items": [],
      "flight_id": "A101",
      "food": {
        "veg": true,
        "non_veg": false
      },
      "infant": false,
      "wheel_chair": true,
      "id": 5
    },
    {
      "name": "Aman",
      "birth_date": "",
      "passport_detail": {
        "passport_number": "464656566567",
        "pan_card": "FRTG5563",
        "expire_date": "12/2026"
      },
      "address": {
        "door_no": "231",
        "street": "East street",
        "state": "",
        "country": "India"
      },
      "seat_number": "",
      "checked_in": false,
      "ancillary": {
        "extra_seat": false,
        "sleeper": true,
        "parking": true
      },
      "shopping_items": [],
      "flight_id": "A101",
      "food": {
        "veg": false,
        "non_veg": true
      },
      "infant": false,
      "wheel_chair": false,
      "id": 6
    },
    {
      "name": "Jothi",
      "birth_date": "12-12-1989",
      "passport_detail": {
        "passport_number": "6456546576666666",
        "pan_card": "DGFF4535",
        "expire_date": "12/2030"
      },
      "address": {
        "door_no": "786",
        "street": "south street",
        "state": "Tamilnadu",
        "country": "India"
      },
      "seat_number": "",
      "checked_in": false,
      "ancillary": {
        "excess_bag": true,
        "parking": true,
        "extra_seat": false
      },
      "shopping_items": [],
      "flight_id": "S101",
      "food": {
        "non_veg": true,
        "veg": false
      },
      "infant": true,
      "wheel_chair": false,
      "id": 7
    },
    {
      "name": "Rajiv",
      "birth_date": "12-01-1988",
      "passport_detail": {
        "passport_number": "",
        "pan_card": "DSSSF5453",
        "expire_date": "12/2020"
      },
      "address": {
        "door_no": "123",
        "street": "south street",
        "state": "Tamilnadu",
        "country": "India"
      },
      "seat_number": "",
      "checked_in": false,
      "ancillary": {
        "excess_bag": false,
        "parking": false,
        "extra_seat": true
      },
      "shopping_items": [],
      "flight_id": "S101",
      "food": {
        "non_veg": true,
        "veg": false
      },
      "infant": false,
      "wheel_chair": true,
      "id": 8
    },
    {
      "name": "Vijay",
      "birth_date": "",
      "passport_detail": {
        "passport_number": "5543365655656",
        "pan_card": "GDFF223",
        "expire_date": "12/2024"
      },
      "address": {
        "door_no": "",
        "street": "",
        "state": "Tamilnadu",
        "country": "India"
      },
      "seat_number": "",
      "checked_in": false,
      "ancillary": {
        "excess_bag": false,
        "parking": true,
        "extra_seat": false
      },
      "shopping_items": [],
      "flight_id": "S101",
      "food": {
        "non_veg": true,
        "veg": false
      },
      "infant": false,
      "wheel_chair": false,
      "id": 9
    }
  ]
}