{
  "Flights_detail": [
    {
      "id": 1,
      "flight_id": "I101",
      "name": "INDIGO",
      "route": "TN-BLR",
      "departure": "07:00",
      "arrival": "07:30",
      "price": 1500,
      "ancillary": {
        "excess_bag": false,
        "wifi": false,
        "pet_animal": false
      },
      "food": {
        "non_veg": false,
        "veg": false
      },
      "shoppingItems": [
        {
          "item": "book_xyz",
          "price": 200,
          "quantity": 2
        },
        {
          "item": "power bank",
          "quantity": 1,
          "price": 100
        }
      ]
    },
    {
      "id": 2,
      "flight_id": "A101",
      "name": "AIR-ASIA",
      "route": "BLR-DL",
      "departure": "07:00",
      "arrival": "09:30",
      "price": 7500,
      "ancillary": {
        "extra_seat": false,
        "sleeper": false,
        "parking": false
      },
      "food": {
        "veg": false,
        "non_veg": false
      },
      "shoppingItems": [
        {
          "item": "speaker",
          "quantity": "1",
          "price": 1500
        },
        {
          "item": "power bank",
          "quantity": 1,
          "price": 100
        },
        {
          "item": "shoe",
          "quantity": 1,
          "price": 500
        }
      ]
    },
    {
      "id": 3,
      "flight_id": "S101",
      "name": "SPICEJET",
      "route": "TN-DL",
      "departure": "07:00",
      "arrival": "07:30",
      "price": 5500,
      "ancillary": {
        "excess_bag": false,
        "parking": false,
        "extra_seat": false
      },
      "food": {
        "non_veg": false,
        "veg": false
      },
      "shoppingItems": [
        {
          "item": "book_xyz",
          "price": 200,
          "quantity": 2
        },
        {
          "item": "audio_device",
          "quantity": 1,
          "price": 1000
        }
      ]
    }
  ],
  "Passangers_detail": [
    {
      "name": "kalai",
      "birth_date": "12-12-1990",
      "passport_detail": {
        "passport_number": "55446464684688",
        "pan_card": "DFFSD5454",
        "expire_date": "12/2025"
      },
      "address": {
        "door_no": "56",
        "street": "southStreet",
        "state": "TamilNadu",
        "country": "India"
      },
      "seat_number": "1A",
      "checked_in": true,
      "infant": false,
      "ancillary": {
        "excess_bag": false,
        "wifi": true,
        "pet_animal": false
      },
      "food": {
        "non_veg": true,
        "veg": false
      },
      "shopping_items": [
        {
          "item": "book_xyz",
          "price": 200,
          "quantity": 2
        }
      ],
      "flight_id": "I101",
      "wheel_chair": true,
      "id": 1
    },
    {
      "name": "Selvan",
      "birth_date": "12-09-1992",
      "passport_detail": {
        "passport_number": "5464684848888",
        "pan_card": "DFGD5548",
        "expire_date": "10/2030"
      },
      "address": {
        "door_no": "544",
        "street": "west street",
        "state": "TamilNadu",
        "country": "India"
      },
      "seat_number": "4B",
      "checked_in": true,
      "infant": true,
      "ancillary": {
        "extra_seat": false,
        "sleeper": false,
        "parking": true
      },
      "food": {
        "veg": false,
        "non_veg": true
      },
      "shopping_items": [
        {
          "item": "power bank",
          "quantity": 1,
          "price": 100
        },
        {
          "item": "shoe",
          "quantity": 1,
          "price": 500
        }
      ],
      "flight_id": "A101",
      "wheel_chair": false,
      "id": 2
    },
    {
      "name": "Kamal",
      "birth_date": "03-02-1993",
      "passport_detail": {
        "passport_number": "87877787878",
        "pan_card": "BVCN5757",
        "expire_date": "10/2028"
      },
      "address": {
        "door_no": "4848",
        "street": "East Street",
        "state": "Tamilnadu",
        "country": "India"
      },
      "seat_number": "5C",
      "checked_in": true,
      "infant": false,
      "ancillary": {
        "excess_bag": true,
        "parking": false,
        "extra_seat": false
      },
      "food": {
        "non_veg": true,
        "veg": false
      },
      "shopping_items": [],
      "flight_id": "S101",
      "wheel_chair": false,
      "id": 3
    },
    {
      "name": "kumar",
      "birth_date": "12-12-1980",
      "passport_detail": {
        "passport_number": "55446343214684688",
        "pan_card": "DFFSF354",
        "expire_date": "12/2028"
      },
      "address": {
        "door_no": "5657",
        "street": "Street",
        "state": "TamilNadu",
        "country": "India"
      },
      "seat_number": "3A",
      "checked_in": true,
      "infant": true,
      "ancillary": {
        "excess_bag": false,
        "wifi": true,
        "pet_animal": false
      },
      "food": {
        "non_veg": true,
        "veg": false
      },
      "shopping_items": [
        {
          "item": "book_xyz",
          "price": 200,
          "quantity": 2
        }
      ],
      "flight_id": "I101",
      "wheel_chair": true,
      "id": 4
    },
    {
      "name": "kannan",
      "birth_date": "07-08-1992",
      "passport_detail": {
        "passport_number": "586478154787",
        "pan_card": "SFDFF7874",
        "expire_date": "10/2030"
      },
      "address": {
        "door_no": "154",
        "street": "north street",
        "state": "Tamilnadu",
        "country": "India"
      },
      "seat_number": "",
      "checked_in": false,
      "infant": false,
      "ancillary": {},
      "food": {},
      "shopping_items": [],
      "flight_id": "I101",
      "wheel_chair": false,
      "id": 5
    },
    {
      "name": "Sundhar",
      "birth_date": "12-05-1986",
      "passport_detail": {
        "passport_number": "899008900890",
        "pan_card": "DDGS3353",
        "expire_date": "12/2023"
      },
      "address": {
        "door_no": "879",
        "street": "southStreet",
        "state": "Tamilnadu",
        "country": "India"
      },
      "seat_number": "",
      "checked_in": false,
      "infant": false,
      "ancillary": {},
      "food": {},
      "shopping_items": [],
      "flight_id": "I101",
      "wheel_chair": false,
      "id": 6
    },
    {
      "name": "Vijay",
      "birth_date": "12-20-1992",
      "passport_detail": {
        "passport_number": "2123121221312",
        "pan_card": "MNMB7978",
        "expire_date": "12/26"
      },
      "address": {
        "door_no": "789",
        "street": "west street",
        "state": "Tamilnadu",
        "country": "India"
      },
      "seat_number": "",
      "checked_in": false,
      "infant": false,
      "ancillary": {},
      "food": {},
      "shopping_items": [],
      "flight_id": "I101",
      "wheel_chair": false,
      "id": 7
    },
    {
      "name": "Kalai",
      "birth_date": "06-07-1993",
      "passport_detail": {
        "passport_number": "546465464556",
        "pan_card": "DLRPK2753",
        "expire_date": "12/2023"
      },
      "address": {
        "door_no": "138",
        "street": "south street",
        "state": "Tamilnadu",
        "country": "India"
      },
      "seat_number": "",
      "checked_in": false,
      "infant": false,
      "ancillary": {},
      "food": {},
      "shopping_items": [],
      "flight_id": "A101",
      "wheel_chair": false,
      "id": 8
    },
    {
      "name": "Jothi",
      "birth_date": "12-12-1990",
      "passport_detail": {
        "passport_number": "56484684688",
        "pan_card": "SDDD1231",
        "expire_date": "12/2030"
      },
      "address": {
        "door_no": "657",
        "street": "WEST STREET",
        "state": "Tamilnadu",
        "country": "India"
      },
      "seat_number": "",
      "checked_in": false,
      "infant": false,
      "ancillary": {},
      "food": {},
      "shopping_items": [],
      "flight_id": "A101",
      "wheel_chair": false,
      "id": 9
    },
    {
      "name": "Kannan",
      "birth_date": "12-10-1992",
      "passport_detail": {
        "passport_number": "212121211212",
        "pan_card": "SDDF3212",
        "expire_date": "12/2025"
      },
      "address": {
        "door_no": "565",
        "street": "north street",
        "state": "Tamilnadu",
        "country": "India"
      },
      "seat_number": "",
      "checked_in": false,
      "infant": false,
      "ancillary": {},
      "food": {},
      "shopping_items": [],
      "flight_id": "A101",
      "wheel_chair": false,
      "id": 10
    },
    {
      "name": "Senthil",
      "birth_date": "12-10-1993",
      "passport_detail": {
        "passport_number": "88578788668",
        "pan_card": "FGDG333",
        "expire_date": "12/2028"
      },
      "address": {
        "door_no": "434",
        "street": "esat street",
        "state": "Tamilnadu",
        "country": "India"
      },
      "seat_number": "",
      "checked_in": false,
      "infant": false,
      "ancillary": {},
      "food": {},
      "shopping_items": [],
      "flight_id": "S101",
      "wheel_chair": false,
      "id": 11
    },
    {
      "name": "Kannan",
      "birth_date": "12-06-1994",
      "passport_detail": {
        "passport_number": "23421222234",
        "pan_card": "SDDD4344",
        "expire_date": "12/2028"
      },
      "address": {
        "door_no": "322",
        "street": "west street",
        "state": "Tamilnadu",
        "country": "India"
      },
      "seat_number": "",
      "checked_in": false,
      "infant": false,
      "ancillary": {},
      "food": {},
      "shopping_items": [],
      "flight_id": "S101",
      "wheel_chair": false,
      "id": 12
    }
  ]
}